facility_type,region,total_providers,avg_beds,avg_years_experience,avg_service_charge,avg_insurance_paid
Hospital,South,324,252.0,19.3811394891945,658.0104125736739,524.9193516699411
Specialty Center,South,424,287.5877192982456,19.742690058479532,655.5032066276804,526.5401072124756
Specialty Center,West,427,35.413319238900634,19.73784355179704,634.222558139535,509.9751374207188
Urgent Care,North,328,160.0,20.16078431372549,656.8474705882353,527.8586666666666
Urgent Care,South,430,366.17938144329895,19.88144329896907,630.7145463917526,503.65869072164946
Urgent Care,West,444,398.2261790182868,20.476419634263713,622.8991722810395,495.9991241578441
